ID,PRJ_ID,ASGN_NAME,"ASGN_STATUS
","BILL_RATE
","SUBMITTED_HOURS
","FORECASTED_HOURS
",ACTUAL_REVENUE,FORECASTED_REVENUE
ASGN1 ,PRJ1,Assignment Name 1,ACTIVE ,100,"64.00
",110,"$6,400.00
","$11,000.00
"
ASGN10,PRJ5,Assignment Name 10,ACTIVE,$200.00 ,0,188,$0.00 ,"$37,600.00 "
ASGN11,PRJ5,Assignment Name 11,ACTIVE,$100.00 ,171,184,"$17,100.00 ","$18,400.00 "
ASGN12,PRJ5,Assignment Name 12,CANCELLED,$200.00 ,0,0,$0.00 ,$0.00 
ASGN13,PRJ7,Assignment Name 13,COMPLETED,$400.00 ,64,0,"$25,600.00 ",$0.00 
ASGN14,PRJ7,Assignment Name 14,ACTIVE,$200.00 ,23,149,"$4,600.00 ","$29,800.00 "
ASGN15,PRJ7,Assignment Name 15,COMPLETED,$100.00 ,91,0,"$9,100.00 ",$0.00 
ASGN16,PRJ7,Assignment Name 16,ACTIVE,$200.00 ,31,119,"$6,200.00 ","$23,800.00 "
ASGN17,PRJ8,Assignment Name 17,COMPLETED,$0.00 ,76,0,$0.00 ,$0.00 
ASGN18,PRJ8,Assignment Name 18,ACTIVE,$0.00 ,25,162,$0.00 ,$0.00 
ASGN19,PRJ8,Assignment Name 19,COMPLETED,$0.00 ,156,0,$0.00 ,$0.00 
ASGN2,PRJ1,Assignment Name 2,CANCELLED,200,"64.00
",0,"
$0.00",0
ASGN20,PRJ8,Assignment Name 20,DRAFT,$0.00 ,0,400,$0.00 ,$0.00 
ASGN21,PRJ10,Assignment Name 21,ACTIVE,$100.00 ,40,149,"$4,000.00 ","$14,900.00 "
ASGN22,PRJ10,Assignment Name 22,CANCELLED,$100.00 ,0,0,$0.00 ,$0.00 
ASGN23,PRJ10,Assignment Name 23,COMPLETED,$100.00 ,93,0,"$9,300.00 ",$0.00 
ASGN24,PRJ10,Assignment Name 24,ACTIVE,$100.00 ,0,117,$0.00 ,"$11,700.00 "
ASGN25,PRJ10,Assignment Name 25,CANCELLED,$100.00 ,0,0,$0.00 ,$0.00 
ASGN26,PRJ10,Assignment Name 26,COMPLETED,$100.00 ,222,0,"$22,200.00 ",$0.00 
ASGN27,PRJ10,Assignment Name 27,ACTIVE,$0.00 ,26,156,$0.00 ,$0.00 
ASGN28,PRJ10,Assignment Name 28,CANCELLED,$0.00 ,0,0,$0.00 ,$0.00 
ASGN29,PRJ10,Assignment Name 29,COMPLETED,$100.00 ,52,0,"$5,200.00 ",$0.00 
ASGN3,PRJ1,Assignment Name 3,COMPLETED,$400.00 ,55,0,"$22,000.00 ",$0.00 
ASGN30,PRJ10,Assignment Name 30,ACTIVE,$700.00 ,71,158,"$49,700.00 ","$110,600.00 "
ASGN31,PRJ10,Assignment Name 31,CANCELLED,$700.00 ,0,0,$0.00 ,$0.00 
ASGN32,PRJ10,Assignment Name 32,COMPLETED,$700.00 ,100,0,"$70,000.00 ",$0.00 
ASGN33,PRJ11,Assignment Name 33,COMPLETED,$250.00 ,174,0,"$43,500.00 ",$0.00 
ASGN34,PRJ11,Assignment Name 34,ACTIVE,$250.00 ,105,166,"$26,250.00 ","$41,500.00 "
ASGN35,PRJ12,Assignment Name 35,CANCELLED,$100.00 ,0,0,$0.00 ,$0.00 
ASGN36,PRJ12,Assignment Name 36,CANCELLED,$200.00 ,0,0,$0.00 ,$0.00 
ASGN37,PRJ12,Assignment Name 37,CANCELLED,$400.00 ,0,0,$0.00 ,$0.00 
ASGN38,PRJ12,Assignment Name 38,CANCELLED,$100.00 ,0,0,$0.00 ,$0.00 
ASGN39,PRJ12,Assignment Name 39,CANCELLED,$200.00 ,0,0,$0.00 ,$0.00 
ASGN4,PRJ2,Assignment Name 4,ACTIVE,$200.00 ,25,166,"$5,000.00 ","$33,200.00 "
ASGN40,PRJ14,Assignment Name 40,ACTIVE,$400.00 ,104,114,"$41,600.00 ","$45,600.00 "
ASGN41,PRJ14,Assignment Name 41,ACTIVE,$700.00 ,38,181,"$26,600.00 ","$126,700.00 "
ASGN42,PRJ14,Assignment Name 42,ACTIVE,$250.00 ,0,132,$0.00 ,"$33,000.00 "
ASGN43,PRJ14,Assignment Name 43,ACTIVE,$700.00 ,0,195,$0.00 ,"$136,500.00 "
ASGN44,PRJ14,Assignment Name 44,ACTIVE,$250.00 ,0,138,$0.00 ,"$34,500.00 "
ASGN45,PRJ14,Assignment Name 45,ACTIVE,$700.00 ,32,112,"$22,400.00 ","$78,400.00 "
ASGN46,PRJ14,Assignment Name 46,ACTIVE,$250.00 ,0,163,$0.00 ,"$40,750.00 "
ASGN47,PRJ14,Assignment Name 47,ACTIVE,$100.00 ,0,153,$0.00 ,"$15,300.00 "
ASGN48,PRJ14,Assignment Name 48,DRAFT,$100.00 ,19,400,"$1,900.00 ","$40,000.00 "
ASGN49,PRJ15,Assignment Name 49,COMPLETED,$250.00 ,101,0,"$25,250.00 ",$0.00 
ASGN5,PRJ2,Assignment Name 5,ACTIVE,$200.00 ,30,149,"$6,000.00 ","$29,800.00 "
ASGN50,PRJ15,Assignment Name 50,COMPLETED,$250.00 ,51,0,"$12,750.00 ",$0.00 
ASGN51,PRJ15,Assignment Name 51,COMPLETED,$100.00 ,114,0,"$11,400.00 ",$0.00 
ASGN52,PRJ15,Assignment Name 52,ACTIVE,$100.00 ,0,185,$0.00 ,"$18,500.00 "
ASGN53,PRJ15,Assignment Name 53,CANCELLED,$400.00 ,0,0,$0.00 ,$0.00 
ASGN54,PRJ15,Assignment Name 54,CANCELLED,$400.00 ,0,0,$0.00 ,$0.00 
ASGN55,PRJ15,Assignment Name 55,CANCELLED,$400.00 ,0,0,$0.00 ,$0.00 
ASGN56,PRJ16,Assignment Name 56,ACTIVE,$0.00 ,48,150,$0.00 ,$0.00 
ASGN57,PRJ16,Assignment Name 57,COMPLETED,$0.00 ,95,0,$0.00 ,$0.00 
ASGN58,PRJ16,Assignment Name 58,COMPLETED,$0.00 ,70,0,$0.00 ,$0.00 
ASGN59,PRJ16,Assignment Name 59,COMPLETED,$0.00 ,42,0,$0.00 ,$0.00 
ASGN6,PRJ2,Assignment Name 6,ACTIVE,$200.00 ,0,155,$0.00 ,"$31,000.00 "
ASGN60,PRJ16,Assignment Name 60,COMPLETED,$0.00 ,54,0,$0.00 ,$0.00 
ASGN61,PRJ17,Assignment Name 61,CANCELLED,$300.00 ,0,0,$0.00 ,$0.00 
ASGN62,PRJ20,Assignment Name 62,COMPLETED,$300.00 ,94,0,"$28,200.00 ",$0.00 
ASGN63,PRJ20,Assignment Name 63,COMPLETED,$300.00 ,116,0,"$34,800.00 ",$0.00 
ASGN64,PRJ20,Assignment Name 64,COMPLETED,$300.00 ,139,0,"$41,700.00 ",$0.00 
ASGN65,PRJ20,Assignment Name 65,COMPLETED,$200.00 ,147,0,"$29,400.00 ",$0.00 
ASGN66,PRJ20,Assignment Name 66,COMPLETED,$250.00 ,0,0,$0.00 ,$0.00 
ASGN7,PRJ3,Assignment Name 7,COMPLETED,$400.00 ,48,0,"$19,200.00 ",$0.00 
ASGN8,PRJ3,Assignment Name 8,COMPLETED,$400.00 ,91,0,"$36,400.00 ",$0.00 
ASGN9,PRJ5,Assignment Name 9,ACTIVE,$100.00 ,51,127,"$5,100.00 ","$12,700.00 "
